Id,ProductId,UserId,ProfileName,HelpfulnessNumerator,HelpfulnessDenominator,Score,Time,Summary,Text
5877,B000FL0A9K,A2F050IXG8RBQJ,nana n,0,0,5,1312675200,good to find decafe one,"Glad to find this for a birthday present as hard to find decaf ones in store.<br /><br />Makes good ice slushy and milk sakes cold.<br /><br />For those who can not take decaf, these are , and making them at home sure beats Starbucks prices."
6556,B00959DMWK,A14HCVAESP0PPF,lucy burany,0,0,5,1347408000,the best tasting turkish delight,"I ordered this assorted bartons turkish delight 6in1 it is delicious .I took it to my parents house for my sister's birthday among her gifts which I also bought at amazon everyone at the party loved this Turkish delight so much they even wanted to buy it for them and I told them amazon go there they have everything,amazon thank you as allways bringing us International flavors without leaving our homes."
1449,B001E50UEQ,A3A7AWWYDEE9QI,Deborah L Weeks,0,0,5,1282780800,Hormel Compleats are simply wonderful,"These dinners are as close to perfect as can be found here in the mountains.  Quick, easy and delicious!"
3352,B005K4Q1VI,A1WLPEM7Z6LM35,"Gabriela C. Zakak ""Gab""",0,0,5,1326672000,Awesome!,"This is the best hot cocoa I have tried for the Keurig.... Rich, chocolate flavor (I used the 6oz setting) and it is not watery.  If you like hot cocoa, and the convenience of a K-cup, this is the one to get!"
232,B003SO503C,A3OXRFCJI67IMN,Bold Consumer,0,0,5,1333843200,Really Nice Taste!,"I'm trying several of the Wu Yi teas. I like this one particularly because of the subtle citrus taste. It also has a natural sweetness.<br /><br />The ingredients include Organic Wu-Li Cliff Oolong Tea (700 mg), Organic Black Tea (600 mg), Organic Green Tea Extract (100 mg), Proprietary blend (600 mg), plus some Ginseng (panax), Orange Peel, Lemon Grass, and Guarana. Other Ingredients: Natual Orange and Citrus flavors.<br /><br />My goal is to drink more tea and less coffee. I am enjoying trying a different kind of tea every day. I'll be coming back to this one."
1205,B005O072PC,A257TD5GO1T81W,"M. Ferrin ""Dinnerandamurder.com""",19,21,5,1172102400,Yummy,"Despite what some think there is a ton of fillers in here (see the ingredient list on the Omaha site), but.... that is not a bad thing in this case. They are not unhealthy fillers and these are very delicious. Our kids just love them. We serve one ball as a serving as that is the perfect healthy carb portion for a meal. 1 piece has the following nutrition just in case you are wondering:<br /><br />Calories: 120<br /><br />Fat: 4.5<br /><br />Trans Fat: 0<br /><br />Sodium: 270<br /><br />Carbohydrate: 17<br /><br />Protein: 3<br /><br />For our dinners we try to keep our carb side to under 5 fat & 25 carb. This fits perfectly & the taste is superb. Baked in the oven, they come out crispy on the outside and moist and tender on the inside. All with no grease. We now keep these on hand instead of french fries. I know they cost more, but they taste better and they are so much healthier. We wait for one of the sales and buy several boxes at a time."
1912,B0016PKA1C,A21KEWQVHOIHFJ,ocannie2002,14,14,2,1293321600,Found the solution on how to open it,"I bought this because I had been seeing this pod in magazines and other places. I thought it would be a great addition to my fridge to save money on cilantro. However, this is very poorly designed. I could not open it whats-or-ever, even after searching through reviews after reviews. Finally, my genius boyfriend found the solution! Basically, you will need to open it from the BOTTOM. You will need to squeeze the two sides next to the cap in order to open it. You will have to be careful when you are opening or closing it while there's water in the pot. If any one who is reading this still having problem opening it. Let me know. I'll try to explain it better there. But anyway, this is a pretty useless product for its productivity, but a bit more useful if you are too lazy to make your own, and wants a prettier fridge. You can make you own with a cup (or any container) filled with a bit of water and wrapped in plastic bag with the herb....(so unless you have money to waste, don't buy this useless pot)."
9649,B001LXYA5Q,AA6G9Y6FCQIUW,Sam,1,9,1,1317772800,Ehhhhhh,"Well I bought these to have a ""Food Tripping Party"" with my wife. I had a spread before us of lemons, limes, strawberries, blackberries, oranges, and grapefruit. We both started with half a pill each as per the reviews here. I then took a bite of a lemon. I guess is was sweeter but not by much, though I was able to eat it. It was like a sweet + tart food which I guess is because of the acid in the fruit. I then ate another half of pill because the instructions that came with the pills stated to take a full one. I tried again. It made the lemons bearable but not super sweet. You would not be able to eat an entire be happy. I went onto the other fruits and the same thing. You could still taste the tart with a sweet aftertaste. My wife said this, ""Well it makes it so you can eat lemons, but who wants to sit around eating lemons all day?"" I'm disappointed BUT the price was cheap enough and it was a fun thing to do with my wife. I'll pawn these off on friends and see what they say. To all the people who threw parties and raved and raved about how everyone loved them, my guess is that they didn't want you to feel bad."
8439,B003VXFK44,A3J0QAR99EITWT,J. Riggs,0,0,5,1327363200,Yum!!,"I am not a huge morning coffee person as this seems to be the only time of day black coffee upsets my stomach. No idea why. My work got a Keurig recently and buy the Caribou regular and morning blends, which are ok but I can hardly drink them unless there's a creamer of some sort in them.<br /><br />So on a recent trip to BB&B I perused their wall of K-cups and this one caught my eye. I am generally a fan of flavored coffees and this sounded good, so I bought an 18 cup pack. I have to say it is delicious! The coconut flavor is light but definitely there, and doesn't leave a bitter aftertaste like most black coffees do. It smells so good my co-workers have done a 180 walking by my desk to ask me what smells so good.<br /><br />Obviously if you're a coffee connoisseur this won't be for you, but if not it is definitely worth a shot. And the best part for me, aside from the flavor, no stomach upset!"
7542,B0018RXITE,A3EWN2841AFTSR,Francis,4,4,5,1327449600,ONLY SUNFLOWER BUTTER WE WILL BUY,"oUR 3 YEAR OLD SON WAS DIAGNOSED WITH BEING ALLERGIC TO SOY AND PEANUTS. THIS IS THE ONLY SUNFLOWER BUTTER THAT WE HAVE FOUND THAT IS FREE OF BOTH ALLERGENS AND NOT PROCESSED ON SHARED EQUIPMENT.  THIS IS THE ONLY PRODUCT WE BUY NOW.  OUR SON LIKES IT ON PB&J, CRACKERS, ON CELERY AND BY THE SPOONFUL AND WITH NO SUGARS ADDED MUCH MORE HEALTHY FOR HIM."
2590,B000EGX2EG,A8BIS0F756JVL,Kathy,0,0,5,1172620800,Delicious healthy snack,I have tryed the Almond Crunch and is delicious and healthy snack better than chips Try it you'll agree
978,B001EQ4DVQ,A680RUE1FDO8B,Jerry Saperstein,0,0,5,1259452800,Brews an excellent cup of coffee quickly and easily,"My primary point with this review is to note that this packaging is less expensive than the other size offered by Folger. You get more coffee for less money.<br /><br />  I recently started drinking coffee again after a lapse of many years. Since I didn't know how many cups a day I would use, I wanted to avoid the fuss of a coffeemaker. I don't particularly like instant coffee. I was delighted to find these Folger's bags.<br /><br />  They brew a very nice tasting cup of coffee. I'm not any kind of coffee expert, so I don't know what special terms might be used. All I know is that if I let the bag seep for a bit more than a minute, it sure tastes good. Thanks to my very much better half, I've also learned that each of these bags will produce at least two good cups of coffee.<br /><br />  Very convenient, very easy, very tasty. I intend to take some of these with me when I travel as an alternative to the in-room coffee makers or (yeck!) vending machines.<br /><br />Jerry"
4685,B001GBBQU0,AS1FCKNKY95ID,"Juli A. Lee ""JingleJL""",0,0,4,1340755200,Delicious with questions,"I have been looking at this product for a couple months and finally gave in.  First of all, the name got my interest!  The taste is delicious BUT I'm having problems with the directions!  Haven't figured out if it's actually a hot beverage or do you put it in a hot beverage?!?!?!?!?  It has a scoop (small) and says to put that in a cup (instructions for 8 oz.) and then put a couple ""shots"" of hot water!  Shots of water????  And you can add frothing milk.  Hum!  Confused but I guess I will work with it.  Hope it doesn't take the whole container (very large) to figure it out. I would have given it 5 stars had I understood the instructions!"
3815,B000X2CWTM,A3SWS3XC6828NX,Book lover,4,4,5,1243900800,Likes it!,"I, myself, do not care for licorice but my husband thinks this is the best licorice he has ever had and he loves the stuff.  I have also given it to two friends who are licorice lovers and they say it is delicious."
4024,B000UZVPKO,A29313797NGT9L,Eddie Wannabee,3,4,4,1252713600,I like these!,"4.5. Just water and large pieces of sardines. Open for all types of combinations of which I find the old whole grain crackers, quality cheese, a particle of mayo and mustard and a hot cup of tea, the most appealing. They do lunch in a hurry and snack times as well. Solid product. Even drank the water in which they are laid to rest and not too shabby. Sardines are good for a person, everyone agrees on that. Even a Sardine sandwich sounds about right in the next few minutes (the better the bread the better the sandwich...) so yes, 4 Solid Stars and I am hungry for the product right now, come to think of it!"
4190,B004391DK0,A32O1Y2DOSWESZ,blessedbyfour,0,0,5,1328054400,this is a great product!,I love this!  Such a great product for all us gluten free folks!  It works the same as the regular Bisquick. Their website has tons of gf recipes too!  This makes delicious pancakes and 'magic crust' pies. Yummy!
9247,B006N3IG4K,A33W4H88UWCIJG,Nola Brech,0,0,4,1307145600,Wish I were in Hawaii,"This is good, but could be a bit stronger in the Hazelnut flavor. It is good though and I would purchase it again."
9005,B006N3IG4K,A2L02N07L0RG3P,Teresa,1,1,5,1296345600,Island Escape!,I tried this flavor within a variety pack and LOVED IT!  I usually add cream and sugar to my coffee.  With this k cup I added coconut creamer and found that I did not have to add any sugar!  It was so sweet and light and tasted just like a pina colada.  I absolutley love this k cup and am planning to sign up for subscribe and save on this one!
4647,B0009P68JI,A2RKR9HDFZSWZE,Charles R. Runzo,3,3,5,1249257600,MC CORMICKS ALFREDO SAUCE,"THANKS TO AMAZON FOR CARRYING THIS WONDERFUL PRODUCT . MY LOCAL GROCERY STORE NO LONGER CARRIES THIS PRODUCT AND GENERALLY PROMOTES THIER PRIVATE LABEL HOUSE BRANDS .<br />FOR THOSE FOLKS WHOM ENJOY FETTUCCINE ALFREDO , THIS PRODUCT CANT BE BEAT .<br />IT IS FAST AND VERY EASY TO PREPARE AND A EXCELLENT ITALIAN PASTA DINNER CAN BE READY IN 30 MINUTES OR LESS .<br />FOR ME , I DO ADD SOME EXTRA PARM CHEESE TO THE MIX , YET , THAT IS PERSONAL PREFERENCE .<br />WE REALLY ENJOY TOSSING IN SOME BONELESS AND SKINLESS CHICKEN , GRILLED , TO ADD TO THE SAUCE AND CREATE OUR OWN....CHICKEN ALFREDO .<br />THANKS AGAIN TO AMAZON AND TO MC CORMICKS FOR MAKING THIS PRODUCT AVAILALBE .<br /><br />CHUCK RUNZO , PITTSBURGH , PA ."
8731,B003VXFK44,A1MHY69POZ8GCK,Lily,1,1,5,1333756800,Delicious,This is the most delicious coffee ever It does not mess up your stomach it's amazing and tastes wonderful and everyone at work loves it too
7911,B00166D8TW,A3LG62BH88N8GP,"Elysia ""photo girl""",2,2,4,1313798400,a tip for improving consistency,"I have been using this protein powder for about a month. The first thing I noticed is that this brand mixes better than Optimum Nutrition egg protein, but still not like whey or even rice protein. The texture is not great by itself in my opinion- not awful but not great. I have been mixing Garden of Eating Super Seed with the powder before adding water and it mixes to a much better texture. I've also tried blending the two with ice to make a smoothy which turned out ok. For those of us who can't tolerate the whey or soy proteins, this particular brand is the best I've found."
3741,B00016UX0K,A21VGNU5959O85,Laura Terese Henri,10,12,5,1130371200,SWEEEEET......and Hot,"This goes down in my Self Proclaimed Condiment Queen Nation as a ""keeper"" I saw it in the asian market i go to for 2.50, a huge bottle, i looked at the ingredients, no preservatives or added colors, good, good, said it went with everything, also good, got it home and WOW, its amazing! Garlic, Hot, Sweet, I am a dippin fool now."
2676,B0016FY6H6,A4DULCHGKEA59,Stephany L. Blair,0,1,1,1313539200,Not So Much!,"I bought this tea as I like blueberries, and Stash is known as making good teas.  However, when I first emptied the drink mix in the water the color was an odd green (not very appetizing).  Once I mixed the powder with water, the resulting tea had no real flavor.  I feel like I wasted my money and can't get a refund."
7112,B004K30HO2,AV0Y59CB5UCKI,Stacey Weeaks,1,1,4,1318636800,Glad I got 3 boxes,"I really like the idea of the K cup coffee maker. You make it the strength that you want and no wasting a half a pot of coffee. I DID NOT like the horrible price for the ""pre-made"" K cups. This is a great compromise. The only thing that could be a bit of a problem for some is that they will leak if you don't puncture them fully. This is easily corrected by lifting the open/close lever once and closing a second time. Now, if they would make them out of biodegradable cardboard or something else I could compost, the rest of the planet would love them too."
2424,B0089SPDUW,A1U4B3ZM2YVTK9,Constance Peebles,0,0,5,1328918400,MY FAVE,I have tried about every k cup brand....Caribou Mohogany is my all time go-to brand.  Flavorful yet not strong and no jitters.  You get the same great flavor whether you make a small cup or a large one.
5643,B000EUJLHE,A2JNTIXY35X5GI,SassySassy1,0,0,5,1285977600,Lives up to it's Name!,"Wasa has a great line of 'crackers', but these have become my favorite. They are light but not wimpy. Their flavor is fairly neutral so they don't conflict with whatever you choose to put on them. And for me, the calorie count was the final winner...only 20 calories per cracker and low sodium. A winner all the way around and Amazon has the absolute best price!"
851,B0041CKRJC,A3OFVFM2H4XQPT,naturechef,1,2,3,1347321600,Interesting info about baking soda,"If you are concerned with an aluminum free product, then this is the product for you.  Too bad that baking SODA does not in any form contain aluminum.  This is, however a concern for baking POWDER which can, depending on manufacturer, contain aluminum.  Save your hard earned money and buy Bob's Red Mill regular baking soda.  Arm & Hammer is great for general cleaning purposes, but for natural beauty and health care, this brand is perfect.<br /><br />Just thought you'd all like to know. I almost fell for it myself until I did a little digging around. :)<br /><br />P.S- So as not to let all of amazon.com-land feel I am one of those ""haters who don't really know what they're talking about"", I LOVE Bob's Red Mill Co. and shall continue purchasing their excellent products."
899,B002DXZI40,AYZZSRYAIXNOS,"I Heart Amazon ""I heart Shopping""",0,0,5,1296432000,I can't take the smell,"The product is all that it says it is which is why I gave it 5 stars.  However, I do have issues with the product, namely, me and my family members can't take the smell.  The taste is horrible so I put it in a lotion cream and rubbed it on my skin.  This was a few weeks ago and though I've since changed my sheets, the scent is still in my bed.  Ultimately, I stopped using it because it made me smell in a way I did not like.  It smells like an Indian spice and while it didn't work for me, scent-wise, it may work fine with someone else."
6337,B001AW9PTO,A17SKZVO34KJZR,Jeanna M. Bina,2,2,5,1226966400,wow,let me tell you that this beef jerky has me wanting more. I have never tasted a jerky with more flavor and taste I recommend it to anyone wanting a little more out of their jerky.. A++++++++++++
2472,B002JX7GVM,A3251RBTBBYII9,"E. Logan ""el""",0,0,3,1282089600,Coconut Water w/a Splash of Pineapple,"I didn't expect coconut water with a splash of pineapple juice to taste quite so salty, even if it does replace electrolytes, so that was off-putting.  It's not really bad, especially over ice, but I won't be ordering any more of it."
2850,B0085G4ACA,A3I03Q4PSLQMCE,"Janie Orsborn ""Book Worm""",0,0,5,1314835200,Coconut Water,"After reading about the benefits of coconut water, I decided to give this brand a try.  I have tried a few other brands with a juice added, but they all have lot of extra sodium.  Be sure to read the labels.  Some have less potassium in them than the Via Coco brand.  I felt like this was better for my husband to drink than Gatorade. He works on a/c during the summer and is out in the heat all day long."
6913,B001LG945O,A1SINHLUYMCCRK,"David Ross ""Cook, Chemist, Nurse""",1,1,2,1235865600,A Muddy Orange Flavor,"While orange juice is the fourth ingredient in this drink,  the dominant flavor is a muddy orange which is backed up by a low level of carbonation.  I think that the use of the inexpensive apple and white grape juices as the first two ingredients (tangerine is third) is what results in the unpleasant muddied orange taste. Finally they threw in a bit of acerola juice but to no avail.  To my taste this stuff is suprisingly unpalatable.<br /><br />While the marketing suggestion is that the natural ingredients make these juices healthy that idea is negated by the high level of completely ""natural"" sugar in this or most any juice.  The healthy alterative to overly sugared fruit juices is to have a glass of cold water and a piece of fresh fruit.  Fruit has less calories than juice but overall more vitamins, minerals and fiber and a variety of natural antioxidants that most likely really are good for you."
7334,B003DIIZ9O,A10ZXUNZNUJY0Z,"SNRNAZ ""Kindling Queen""",1,1,5,1319587200,Cesar treats,"My Westie - like the picture on the package - loves these treats!  They are the perfect size for a treat or reward and even look cute...we call them<br />""puppy paws"" treats!  Good texture - no mess!  Smell not attractive to humans - but good to a dog!"
7962,B004WM0ZTS,A3K8TE2Q00C0J,"G. Froelich ""Bleuangel""",6,6,5,1255564800,The BEST,"I was absolutely amazed at how good this is.  In my opinion, it is as good as fresh ground coffee beans brewed up.  While I only use when I'm in a hurry, or want one cup, I would not be without it.  (And I have NEVER USED INSTANT before now."
5388,B00622CYVS,A2OOCPLJM7I4VA,"Victoria Compton ""Hyakamooks""",43,51,3,1235433600,"Very sweet, not terribly healthful.","I thought I was doing my kid a favor when I invested in a case of Earth's Best dinners.  Unfortunately, the second ingredient (after water) for all of these is....applesauce.  Or in the case of the ""Sweet Potato & Chicken"" variety, it's sweet potatoes, followed by apricot puree.<br /><br />After getting used to the sweetness of these (try 'em - they're like jam), it's difficult for kids to adjust to ""real"" food.  From now on, I'm going to stick with just pureeing home-cooked food.  It's a lot cheaper, too."
195,B0028C44Z0,A32DDKLY942A84,"PrinterCPE ""damnsilly1""",2,2,4,1284249600,"Nice little mints, but pricey.","I like these better than the regular Altoids, but they're even more costly, so you'd better like them."
8545,B003VXFK44,A3FC2JIO6T7US1,Shorty,0,0,4,1306108800,Very satisfied with my purchase as always with Amazon,This coffee was not what I expected but enjoyed it greatly.  I was looking for a stronger vanilla flavor but after trying it I enjoyed it a lot. It was light and smooth and left no aftertaste.  I would recommend this to others.
7786,B000E1BM16,A2YB7DLC3FOR7W,"Pamela V ""&#34;MS V&#34;""",3,5,5,1195430400,Fantastic deal!,"For coffee drinkers who buy Maxwell House coffee, this is a deal!  Buy two cases for just over $50!  Free shipping, too!  Seriously, you know I stocked up!"
6763,B001LG945O,A2LXX47A0KMJVX,M. Erb,0,0,1,1235952000,"Syrupy tasting, Unlikeable flavor. Yuk!","I was offered the opportunity to taste this product because of Vine. I would not normally purchase this type of product, so my review and opinion will be biased in that regard.<br /><br />I'm not a big soda drinker, I'd just rather drink water or coffee. I will occasionally drink a diet soft drink, usually Diet Pepsi or Diet Coke.<br /><br />Did you know that a single 12oz can of Coke ClassicÂ® has 140 calories and 39 grams of sugar? This 8oz can of Switch has 140 calories and 34grams of sugar. And this is healthy? 4 ounces less is size, same caloric content and more sugar per ounce that Classic Coke. OK, so it's not ""added"" sugar, but still, that's a lot of sugar. 100% Orange juice, 8 oz, has 120 calories and 28 grams of sugar.<br /><br />The can says it is ""Orange Tangerine"" but in fact the contents are #1: Water #2: Concentrates of Apple, Grape, Tangerine, Orange, and Acerola juices. Then they throw in some ""gum acacia"", ""natural flavors and colors"" and some ""ascorbic acid(vitamin C)"". And as a little surprise bonus, they have added ""soy"". Soy?<br /><br />I asked my wife to taste this product with me. I poured the drink into two glasses and we both took a sip. Her reaction was swift and strong... she hated it. I agreed with her. It was for me, sickly sweet and left a sugary aftertaste in my mouth. Not only that, but the taste was just nasty. It didn't taste at all like orange or tangerine to me. It just tasted terribly sweet with an undefined cirtus something taste. The carbonation did not add anything positive to the experience. Neither of us finished drinking our 4oz portion. It went down the sink.<br /><br />I would not purchase this product in the future and if I could have given it 0-stars, I would have. It's that bad."
5095,B00080MJE2,A23KLK7OTHDL2U,"Kate Witt ""SnakeGrrl""",6,6,4,1211587200,A good mix in with other looseleaf teas,"It's not great plain, but it's wonderful mixed with other herbs.  It can be a little bland if you don't put anything but the rosehips in the infuser.  Hibiscus goes great with it, though.  It's a great tea for children because it's mild and fruity, for adults add it to something else.<br />Also, you can eat the rosehips after they've been brewed, sounds weird but they are great, they taste a little bit like an apple and have lots of vitamin C.  Watch out for the pith (that's the best word I can think of for the little hairlike thorns that surround the seeds), though, if you decide to eat the hips.  Every once in a while you find one that hasn't been de-pithed properly, hence you need to avoid the pith if you eat the brewed hips."
5968,B001NVEJKC,A2DCS0VQMMHP8X,Nathaniel V. Graham,2,2,1,1333497600,Terrible cheap chocolates for outrageous prices.,"I bought these for my wife for her birthday, she LOVES chocolate and its a staple gift I give her. Well this year I got her these. She only ate one, and put them away. Very strange. Later I caught her putting them in the garbage. When I tried one I quickly realized why, they taste like they have no sugar in them, and leave an aftertaste that reminded me of badly burnt toast. I had to brush my teeth to get the taste out. We had a good laugh about it. Fortunately I also gave her a necklace which she really did love so they didn't ruin her birthday. 43 dollars wasted."
9491,B000UBDKII,A2FZ46813P8MXQ,J. R. Cooke,0,0,5,1227571200,"If you dont like ""black"" coffee...",This is really the way to go. Add some creamer to further enhance the flavor of this blend. I signed up for a subscription to have this delivered every month. I drink some every morning at work. Works great with the B&D Home Cafe system.
7073,B004K30HO2,A13WQVHNRQ26MX,"Fabu Nobo ""Fabu Nobo""",10,10,5,1327104000,How to stop the leaking!,After a lot of trial and error (with just water!) I figured out how to make these handy self-fill coffee pods NOT leak all over the place. The secret is to shove the filter all the way into the pod and NOT snap the lid over the edge of the filter. Make sure the filter is ALL INSIDE. It's rigid enough and stays upright and fine when you brew. You really need to create a seal with the lid. Leaving the filter hanging out breaks the seal and allows liquid to seep out.
6684,B001LG945O,AO96PLO6E3MJC,Grandma GG,0,0,4,1245715200,Kids love it this healthy choice,"4 Stars is a compromise between my rating of 2 and my grandchildren's rating of 5 stars.  I thought the flavor was too heavy on the apple/grape juice combo and light on the orange/tangerine flavor.  Also, it left a mild, canned aftertaste.  But my 9-year-old granddaughters loved it and consider it a treat equal to soda.  It is 100% juice concentrate which has been reconstituted with carbonated water, so it is much healthier for them than regular soda.  While it is true it still has sugar, natural sugars from the juices are healthier than processed sugars found in soft drinks. The can I was sent contained 8.3 ounces which is a better size for them than a regular 12 ounce can of soda.  For children, this is a tasty and healthy alternative."
1898,B001RVFDOO,A2KJ2MLSFUFS1R,Tony Z.,0,0,5,1333324800,Delicious!,"These chips are great. Delicious and are healthier than your regular deli store chips. I have first purchased these from a supermarket and found them delicious. I found amazon to have them cheaper, and ordered from them as they had more variety of flavor. All the flavors were to my liking. The only con about this is that THEY ARE ADDICTING!!!. You are warned! I purchased these through Amazon."
578,B000G6RYNE,A1Q7A78VSQ5GQ4,"Nice Lady ""a reasonable person""",4,5,5,1249344000,"YUM! If you want a snack, have something REALLY good!","I've found a new taste treat. I'm not a big one for potato chips, so I am sure I've come late to discover these. I think they are really good.  The processing & ingredients list is actually pretty good-no trans fats, etc. So, if you want an indulgence, these are A+ !  They are thicker & more tasty than the mass produced potato chips we've all come to know.  They are much more flavorful.  Never had a honey-dijon potato chip before. Incredibly good & a flavorful combination of sweet, tangy, salty. Also not overly hot or spicy. Excellent!<br /><br />If you want a snack, have something REALLY good. It's got to be worth the calories-and these are!"
6329,B001AW9PTO,A14VLASIPHHLBJ,J. Hoffman,4,4,5,1276473600,"Excellent taste, texture","I dont review often, but this stuff is just what I was looking for.  I ordered about $150 of jerky to try all the types I havent yet tried, and I popped this can first.<br /><br />I already found what i want!  The taste is excellent...i'ma  fan of hickory smoked stuff as it is.The texture is good...not too tough, and definately not too tender.<br /><br />What else do you need? Good taste, good texture.  Wish it was a bit cheaper at $25/lb....but what can ya do"
2231,B002C4HZ00,AW01EJ2CXKTEJ,"D. hanley ""dave""",0,0,1,1337731200,Not DOP,"these are not DOP they're just ""certified"" which means nothing significant. they should go a step further with a little more nonsense and write ""department certified"". real dop tomatoes are much better."
4009,B00110FN28,A5SKCSDE1O8T8,J. Taylor,1,6,2,1254182400,Bad flavor combination,"I purchased these thinking they would just be ordinary oatmeal raisin cookies. Wrong! I like chocolate chip and I like oatmeal raisin but these combination cookies just don't work well together. I wish I had read the item listing more carefully. Even my kids said ""Blech!""."
1009,B0049UVNYY,A2RZFAXI5Y7NLT,"jennifer ""ghost""",0,0,3,1326240000,delicious truffle goodness!,"I was hoping these were more true caramels, not caramel-flavored truffles, but they're still delicious. Would definitely order them again, and maybe extra for gifts. The salt just makes them extra amazing.<br /><br />Bummer about the shipping-- shipping on this item is reasonable, but we bought the chocolate covered pretzels at the same time, and shipping was charged for both items even though they arrived in the same box. There wasn't even anything fancy about the packaging!<br /><br />edit: okay, these actually bother my stomach a little after one truffle. the package wasn't shipped with an ingredients list, and i had to go to the company site directly and find a well-hidden and hard to follow ingredients page to discover there's a lot of shady ingredients, including high fructose corn syrup. For $40 a box, I expect NO CORN SYRUP. I also don't expect propylene glycol (antifreeze) in vanilla, which I expect to be 100% vanilla beans, and NOT artificial vanillin (which sometimes comes from the anal glands of beavers). I'm disappointed in the ingredient quality.<br /><br />http://www.premiumchocolatiers.com/ingredient_info.php<br /><br />Review goes from 5 stars to 3. I'd make it 2, but the extra star is because they ARE quite delicious."
7176,B004OQLIHK,A2IOL6T3XRF27,CWRU Engineering Student,2,2,5,1331078400,Perfect!,"When I was in high school, my mother would always have these around the house. Living in the dorms, I usually only ever find small, overpriced packages of chocolate covered rasins. This is perfect for satisfying my cravings! It stores very well - I've had mine about a month and they taste the same as when I first opened them - delicious!"
3521,B005K4Q1VI,A2E65ZXD654761,Barbara L,0,0,5,1351036800,Great tasting,The price was as fantastic as the taste. So convenient to make and no messy powder  that is hard to dissolve. No major cleanup to deal with either. Highly recommended!
4329,B004391DK0,A3ALJT9CJBMZWS,Max Mustang,1,1,4,1335657600,Bisquick GOOD,Was on GF Diet for about 6 months. Used this new product from this old quality company with excellent results. Still use it for variety.<br />A box goes a long way. A little expensive but worth it.
3347,B005K4Q1VI,A3KXF5G0KNUZWF,A. Hardeman,0,0,2,1326844800,Should have listened to other bad reviews :(,I wish I had listened to the other bad reviews.  The artificial sweetener taste is awful.  I gave two stars only because my husband doesn't seem to mind.  I can't drink this- even if they were a bargain.
4120,B001EW5YQS,AIZ79NPILEJFG,Boris,0,0,1,1338595200,Broke after several uses,"Used it a couple of times over the course of a month, and it worked great! Third time, high pitched noise, and no mic signal coming through. Not too surprising, given how flimsy this thing feels. This is apparently a known issue, just look at other 1-star reviews of this product. 'Nuff said!"
6462,B000FNEX50,AJAABFVT3LHNX,jenkinsjh,1,1,1,1338768000,Taste like dirt,"I purchased these because they do not contain dairy, soy or corn.  Well, in addition to being dairy free, soy free.... they are FLAVOR FREE!  Absolutely horrible dry tasting bars.  First words out of my mouth were ""tastes like dirt"" so that's what I'm going with.  DO NOT WASTE YOUR MONEY."
2815,B000F70Y7W,A36CJANFHL1F0B,KayeL,0,0,3,1346630400,Makes a good gift,"With the Prime shipping, this made a great last minute gift. It seems a little pricey for the amount of fish, but the quality was good (according to the person I gave it to). In the end, I think this is better than a fruit basket or something similar."
9268,B006N3IG4K,A2Q3D0OM8JNJNG,Donna,0,0,5,1300752000,wake up to deliciousness,This is the best all around 1st cup in the morning coffee ever!  I love it.  Perfect flavor.
4437,B002NBEZI2,AY99LTIYDESFD,S. Clark,2,3,5,1265500800,Delicious and Low Point Value on WW,"Love these little peanut butter dipped granola bars.  They are delicious.  They are only one point on the Weight Watchers POINTS system.  Even you were not dieting, these bars are a great and filling snack."
4996,B00653KJ5M,AGE64SY3HP9RV,CZ,1,1,2,1341273600,The cavemen must have been wealthy,"I really wanted to like these.<br /><br />First off, these cookies are about the size of a half dollar and aren't that thick. And they are more like fudge that cookies. Look at the ingredients. They are nut flour held together with honey. They need some egg or something. They are gooey and sticky. They are extremely sweet and pack a whopping 10-15g carbs each and yes that is not counting the fiber.<br /><br />I'm sorry I appreciate the effort guys but in my option these are a novetly. They are too expensive and too non-functional to be a serious part of your regular diet."
2131,B004ET9OIW,A35KXVK3WDFDNL,Lori Palmer,0,0,5,1331510400,"Great in a pinch...portable, healthy","While I worry that I am teaching my baby to be a snacker, these are perfect for the in-between times for my 1 year old grazer. The label tells me that they are a healthier choice for my baby than the typical grocery store aisle alternative. I like to keep these in the car and diaper bag for helping to calm my little one while waiting for meal, etc. I don't think they taste awesome, but he sure eats them like they are going to disappear. That makes me happy!"
7823,B000HB9TLI,A3KDFXPVAFX04I,JackieY,0,0,5,1324857600,Celebration herbals-Hibiscus Tea,"This is good tasting tea, no need for sugar....I am drinking one cup per day usually at mid- day for blood pressure...........I am not sure how long it takes to help lower BP but if it helps even a little it's worth drinking especially since its very tasty........"
1365,B0006GWXYY,A1BMZEA51ZR6JD,"L. Roy ""Malone Alum""",1,1,5,1206662400,easter basket,Very nice product<br />full of quality items - not the cheap candies like other baskets
5295,B0029JVSSS,A2T6BADTO112R5,Robert Washington,0,0,5,1272326400,Sweet Treets,All my horses love a sweet reward. Dots hold together nicely in the reward bag.
248,B007TFONH0,A10IFYN5U6X20R,onemagoo,0,0,5,1350172800,Best way to buy kcups,"Once you've tried some random sampler packs (and now are overloaded with decafs,extra bolds, or teas), this is a great way to get exactly the brands or style that you want.  Received the order in a couple of days and was exactly what I ordered.  This was my second order and I'll be ordering this item again."
8376,B003VXFK44,AEZAWUB14ICW8,lkjljlkj,0,0,1,1337731200,Hated it!,"Didn't realize it was flavored and thought, when I had my first sip, that it tasted like chemicals. F-. Gave it away the next day at work."
2961,B003120XGK,A2ROWEHCZANU07,Marie,0,0,5,1305936000,Love this stuff!!,"We use this in place of sugar for almost everything.  It has a light flavor, sort of similar to honey without the crystallization and the strong flavor.  The best part is the lack of sugar highs and crashes due to its lower glycemic index."
2645,B0016FY6H6,A3GLC45MF00NFF,A. Padua,0,0,3,1318377600,Just had a glass today,"When I received the package just earlier today I was excited to try it out immediately. I'm already a loyal drinker of the Yamamotoyama Iced Green Tea Powder and wanted to give Stash a try, particularly the mint flavor (Yamamotoyama only has three flavors: original unsweetened, sweetened and raspberry). When I checked the ingredients of this product (ground Sencha tea and natural peppermint flavor) I already expected that this would be unsweetened (after all, mint is not sweet in the first place so if it said ""natural"", I expected it unsweetened).<br /><br />I do agree with a few people that one packet was indeed weak for a 16oz water bottle, however I could sense a bit of the mint. Maybe it would be enough for an 8oz water content, you'd need to have at least 2 or 3 packets for you to have that strong ""mint"" flavor.<br /><br />But the best thing about having purely ground green tea with nothing else on it (well in this case it has natural peppermint in it) is that you could use this as an ingredient for other treats, such as smoothies and even desserts. Just the other day I even added the Yamamotoyama unsweetened green tea powder on my Muesli hot cereal and it was delicious. I plan to do the same with this Stash mint green tea powder (I'm an experimenting foodie so doesn't hurt to try LOL) with my hot cereal and milk.<br /><br />You can even substitute milk instead of water. Ever tasted maccha green tea latte that you get from Starbucks and Jamba Juice before? Try it with this one. :)"
966,B005NEXK6Y,A737WEUQM1K1H,MaC,0,0,3,1346976000,Great Paste BUT Way Overpriced like 3x more,"I purchased this for a friend who loves to cook only to find out that I paid 3 times more than what I should be. $13.95 for 4 cans is highway robbery now that I know that I can purchase one can for around $1.09. Now as far as the item itself, this brand of Panang Paste is excellent. The beef panang dish my friend made using this paste was as good as the ones in the Thai restaurant. I would recommend the paste but not the price."
5565,B001ASZV5K,AS50AOLPX9ZVD,Steven Duncan,2,3,4,1315180800,Good stew.,"I actually, Gasp, tried this stew. I got to try this at the Texas Scottish Festival in Arlington earlier this year at the Caladonian Kitchen booth (then bought a few cans). The stew was quite good considering it comes from a can. Probably a fairer star rating would be 5 stars, if comparing just against other canned stews. I'm not entirely fair though, because I'm comparing it against stews I've had at irish restuarants. So, I have had better. But, still a good product in it's own right. I also liked the whiskey cake from the same company."
7157,B004K30HO2,A26B26RWVJP8BB,Roy L. Crocker,0,0,4,1326931200,"Roy C from Columbia, CT","They are everything I expected except for one flaw. I had trouble keeping the lever completely down on the machine.Great product and my brother was excited also and I gave him a box. I hope they are in stores soon. Such an ease to use, great idea, no clean up just throw away."
2783,B000J2DQ46,A1EE44Y697L7W5,I. Reed,3,4,3,1291852800,Decent canned clam chowder,"I've had better canned clam chowder.  Bookbinders is one that comes to mind.  I don't buy the ones with preservatives or a long list of ingredients, so my choice is limited.  For this one, if I add just half a can of milk and a pat of butter, along with some extra sea salt, it's ok.  The longer it is gently heated -- not simmered or boiled -- to let the flavors mingle, the better it becomes.  More clams and potatoes would improve it.  As it is, the ingredients were skimpy."
6621,B001LG945O,A1TNK6MP89YXY2,Jamie R. Wilson,0,0,3,1246233600,"A healthier alternative to soda, but not overly original","There are no surprises here. The label promises a perfect blend between juice and carbonation, and that is exactly what Switch delivers: a drink that tastes like carbonated orange juice. Those looking for a healthier alternative to soda will like that Switch contains 100% juice with no added sugar or corn syrup. Those looking for a tasty new carbonated beverage probably won't be impressed.<br /><br />At the time of this writing, Amazon isn't yet stocking Switch so I can't offer an opinion on whether or not I think the price is fair. I wouldn't expect to pay much more than orange juice for this drink, though, since there's nothing really original going on inside the can."
8722,B003VXFK44,A154WMWOARJHLI,Gary Rosenfeld,2,2,5,1284681600,Great Coffee,"This is an excellent blend perfect for any time. Was really surprised by the quality, flavor and finish."
5735,B003TIVBSU,A25XCL5O5XU1TD,Kendra Ann Bussey,3,3,5,1313884800,Excellent quality beans,"I wanted to give homemade vanilla extract as gifts and was extremely satisfied with these beans. They made very high quality extract and were much cheaper than at local grocery or organic food stores. I was mildly concerned by the size; I only needed 24 beans, and ended up with closer to 50. However, my brother has used the remainder to make delicious vanilla ice cream, creme brulee, tiramisu, custard, vanilla sugar, french toast, etc. I have recommended them to friends and family."
233,B003ZFXJDW,A2HL6876LDPJIM,flageolet,0,0,5,1343692800,just give me some watermelon and citron sea salt,"i cannot live without this citron falksalt, it is wonderful on watermelon, fish, almost any food requiring salt and in my world it all does.  just try it on red juicy watermelon, wonderful experience."
1104,B0025ULYKI,AW7VIZUKC8ZY3,chari,0,0,2,1317168000,Where's the vinegar?,"After reading all the good reviews on these chips I have to admit I was disappointed. Perhaps I just ended up with a bad batch, but I could barely taste the vinegar and there seemed to be far too many burnt (and I mean BLACK) chips in these bags. Hopefully the other flavors are better, but I'm going to stick with other brands from now on."
9928,B001CGTN1I,A24PGDMY8R6MTF,Seabiscuit,2,2,5,1337472000,Delicious seeds,"I really enjoy adding these seeds to my smoothies.  They add a nice texture, just the right amount of crunch, and I think they taste like kiwi seeds.  I hear they are healthy too!"
4481,B004DN7HJ2,A1DC9WPC78MTOS,"Randi M. Goldwasser ""Billy Joel's Lover""",1,1,1,1327190400,Disgusting! Waste of Money!,I can't believe I wasted almost $20 on this. They were burned! They were inedible! It was so nasty and they took forever to arrive!<br />You should take this product off of your product list. Worst product i've ever ordered
6979,B004K30HO2,A2VCJWTSPTY36,"A. Mortenson ""Mountain-Dreamer""",0,0,3,1324512000,"Good idea, but they leak","Disposakups....great idea, because K-kups are expensive and aren't necessarily available in your favorite coffee.<br /><br />Disposakups fit well into the Keurig coffee maker, the lid snaps on firmly to the disposakup after you fill it with your favorite coffee or tea.  However, the problem comes with the filter which wicks the hot coffee under pressure out of the disposakup from under the lid.<br /><br />I tried several of these disposakups. After the first few leaked I thought maybe I was not snapping the lid on tight enough, so I made up some more disposakups and made sure the lids were on REALLY tight, no gaps! They still leaked about 5 or 6 drops from each disposakup, which then drips outside the k-kup holder chamber...and outside the catch area.  I needed to clean up around the coffee maker after use.<br /><br />I give this item 3 stars because they do work, and are a great idea, but the design of the filter protruding from around the cap causes the leaking.  If you don't mind a bit of cleanup after each use....you'll appreciate these.<br /><br />I'll use the rest of the box, and continue cleaning up after each use, but I won't buy more.<br /><br />The seller offered a refund, but it would cost me almost as much to send them back as I would receive as a refund."
5514,B001EQ5DHE,AEA87UQE4GY9K,Phil,0,0,5,1310428800,Tasty Drink Mix,"I've been searching for alternatives for high calorie high sugar drinks.  After tasting many different products, this one is my favorite by a long shot.  I can't believe it has no sugar at all.  The little packets make a nice quantity of the beverage.  Some of the other brands I have tried gave me heartburn or they weren't sweet enough.  This one is perfect.  I tried the cherry flavor also which is good, but not as good as the tropical.  You have to be careful with spilling it because it does tend to stain, but any traditional stain remover did just fine at preventing the stains from setting in to carpet, clothes, and countertops.<br /><br />Ditch the sugary alternatives and you can save hundereds of calories per day just by using this instead.  Cutting calories just became a lot more easy!<br /><br />Edit:  I still use this product multiple times a day.  It's great to have a premixed drink in the fridge that you can go to that tastes great, and you don't have to worry about calorie intake, or getting the kids all hyped up from sugars.  I also took 2 packets on vacation and mixed it on site.  Saved time and money instead of stocking a fridge up when you would just have to throw away the unused portion at the end of the trip.  I just wish they made a orange and maybe a berry flavor as well."
4703,B00139TT72,A2FRHIANA8FZQJ,Eco-Friendly Feng Shui Designer,0,0,5,1349136000,Good Stuff,"I feed my two Pugs and occasional rescue Newman's Advanced Dog formula. I like this better than the regular Newman's, because it has less ingredients. I supplement with high quality can food, organic free range chicken, healthy powder and salmon oil. My boys are healthy; their coats are amazing. Highly recommend but with supplements--see above."
956,B000S806VM,AIR7BNZFT751N,Paul K. Williams,2,2,4,1251849600,Good tasten tea.,I ordered this on-line and received it in just a few days (3).  The tea is excellent and the price was right for  me.
7937,B000RHXIGO,A3OE4F7VLS8GXB,greencat,2,2,5,1307404800,Sweet pain,"Been buying ground Habanero from American Spice for years, decided to try someone else with their price going up-up-up, and not satisfied with consistency of heat.  This stuff had the right flavor and more heat than anything beside fresh, it will make you sweat.  Better price and value than any Habanero experience in 20 years of buying the stuff, will buy from this vendor again."
3515,B005K4Q1VI,A108GQ9A91JIP4,H Hulsing,5,7,1,1328140800,PARTIALLY HYDROGENATED VEGETABLE OIL,"INGREDIENTS: SUGAR, GLUCOSE SYRUP SOLIDS, COCA (PROCESSED WITH ALKALI), PARTIALLY HYDROGENATED VEGETABLE OIL (MAY CONTAIN COCONUT, SOYBEAN, SUNFLOWER, PALM AND/OR CANOLA), NONFAT DRY MILK, MODIFIED WHEY, MALTODEXTRIN, SALT, NATURAL AND ARTIFICIAL FLAVORS, CELLULOSE GUM, SODIUM CASEINATE, CORNSTARCH, LACTOSE, DIPOTASSIUM PHOSPHATE, SUCRALOSE, MONO- AND DIGLYCERIDES, SILICON DIOXIDE, SOY LECITHIN, ARTIFICIAL COLOR.<br />CONTAINS: MILK AND SOY<br /><br />People, please read labels...."
7516,B0001M0Z3O,A10VJX25TQEXQ5,Stan,0,0,5,1311292800,review correction,Please correct my original review as I made an error<br /><br />My experience was completely satisfactory-----Excellant product and service!<br /><br />Sorry about the error.<br /><br />S G Lilly
4991,B004TTSB2C,A3DMQM4OQONEMK,Jazzy,0,0,5,1351036800,Love em'!,They are awesome to snack on.  They have a little kick to them but that's the best part.  They help me with my cravings for sweets.
5309,B004XMIRU6,A321BN463YM9GG,Fahad Mania,1,1,5,1332979200,definately worth it,"I have tried a few kona coffees from different vendors, and I can say that this one is a very special coffee. I made an order last year and had some issues with one of the two bags I've bought. The coffee lost it's freshness in the 2nd bag and it was very old, dry and tasteless. I was very disappointed by how the same coffee could taste so different in each bag. I wasn't sure what was the problem, cause the 1st bag tasted very pleasant and aromatic. The freshness, texture and delicacy of the coffee took me to nirvana. I was very pleased with the organic taste and smoothness of the coffee. Immediately I knew that this was a very special gourmet coffee.<br /><br />I've tried different regional coffees including, papa new guinea, Kenya AA, Sumatra beans, Jamaican blue mountain ... and others. I have to say that Kona is my favorite by far. The shipping bag comes oxygen free when it's being shipped from the vendor. The air is sucked dry to vacuum seal it. Sometimes they get damaged or punctured during shipping. I guess that's what happened to one of the bags. As you know, coffee and oxygen don't go well together, cause once the coffee is oxidized; it starts losing its freshness and it doesn't taste the way it's supposed to taste.<br /><br />I've made a recent purchase again and I'm very happy with the results. Give this coffee a try before deciding to make a bulk shipment. You have got nothing to lose. Well done Hawaii Roasters. You guys have outdone yourselves."
369,B002O3VHXU,A1OIMIM4FHT4IG,"Jerry Perkins ""Nevada Perky""",2,2,4,1283817600,Price surprise,"""Nantucket Blend coffee is one of my favorites.  I was suprised that it was a single box.  every time I ordered before it was a 2 pack.  My fault for not reading closer.  I will not order any more at this price for 1 (24 count)"
2177,B002SW7ZOW,A1RPCL4E65WA4Y,April,2,2,5,1284681600,Wu-yi is,"The tea tastes great and helped me curb cravings during dieting. The tea was inexpensive and came packaged in a pretty box. The bags are flimsy, but I just throw the bag in a tea ball with no worries. I will continue to keep this on hand as part of my tea collection."
9806,B000KFXEYE,AFOA99PIZ8BT6,Kathryn,1,2,5,1235260800,Liquid Heaven,"Stephen's is absolutely the BEST hot chocolate I have ever tasted!  It is so creamy and delicious.  Every flavor I've ever tried is excellent.  My whole family loves it.  I don't know any stores in the area that sell it, so we are thrilled to be able to order it through Amazon."
7383,B001EPQQL2,A14ZROR1NHBYTO,"DonF ""DonF""",0,0,5,1337299200,best brown sugar replacement,"This taste just like brown sugar with less sugar.<br />I use this for everything , that requires sugar (baking ,est..) I use less of this than is required, like if it says use 1/2 cup I use 1/3 of splenda brown sugar."
5709,B0012OTH8O,A1ZSF5CJ0A4CIO,Fancy Trimmins,8,8,5,1262217600,"Great flavor, too easy, excellent stew, back for more","While beef stew is almost too easy to make, I will admit to not being great at replenishing my seasonings supplies as needed. Because seasonings and spices/herbs are so expensive, I keep putting off purchasing them and the list to replenish them just keeps getting longer and longer. Eventually, I don't have anything with which to work. As such, I planned 2 6-qt crock pots of beef stew for over the holidays to always have something hearty and warm on hand for family as they came/went.  Lo and behold, when I finished cutting up all the meat and veggies and loaded them into the crock pots, I had nothing on hand to actually flavor those main ingredients. So, sent hubby off to the grocery store for a quick cheat...McCormick's beef stew seasoning packets. Of course I never told him how many to get, and as he wanted to 'do it right the first trip', he got a handful of them. Actually, in error, he grabbed the ones I'd never seen before: the ""SLOW COOKERS"" item. Man, oh, man! To heck with buying expensive, one-jar spices to keep on hand for this meal. This product worked perfectly! Open packet, mix with 1 1/3 Cups water, pour over ingredients in crock pot, mix it up just once and let the cooker rip for a few hours. The stew was excellently cooked, beef was so tender one needed a spoon with which to lift it otherwise it would break apart and the veggies were tender but not mooshy. It was more than flavorful; the au jus was not too thick and not too thin - perfect for sopping up with homemade bread that, unlike my spices, is always available in this house.<br /><br />I liked it so much, as did the family members, I'm back to purchase the pack of 12 here to keep on hand as well as the ""SLOW COOKERS"" for pot roast. I confess, for these two meals from now on, I'm being lazy, but quick and efficient. No serious measuring, no countless bottles of assorted spices, no mess and a tremendous result.<br /><br />NOTE: I did use 2 packets for each 6-qt slow cooker for although there is an easy recipe on the reverse of the packet, I don't measure my meat and veggies. I use what I have on hand and once the crock pot is at least 3/4 full, that's when I usually throw in my seasonings. The recipe provided would not be enough for my family. I didn't notice any additional recommendations on the packets indicating how much for what size slow cooker. I began with just one packet dissolved in the recommended 1 1/3 Cups of water (I used boiling water to dissolve it quicker add some warmth to the slow cooker as it begins cooking), but after pouring it over all the meat and veggies in the first pot, I just didn't think 1 packet was enough as my family likes a lot of the 'gravy'.  Therefore, I added an additional prepared packet to each 6-qt crock pot which gave me perfect results.<br /><br />This product uses only natural spices, no MSG, 0g trans fat per serving and no artificial flavors.<br /><br />Edit: 1/2/10 - Another batch made for New Year's...this time, I reduced the amount of water per packet to 1 Cup (vs 1 1/3) and got thicker, more substantial 'gravy' vs  the usual 'au jus' consistency. The family liked it much, much better that way."
3223,B005K4Q1VI,A3GL1ORCNI2XEZ,Tom,0,0,5,1346716800,Grove Square Hot Cocoa For Keurig,This is the best Hot Cocoa product I have found for the Keurig K-cup Brewer. The others I have tried do not have the test or alot of the product remains in the cup.
1378,B00068PCTU,A3B4KVOTQT9TII,"S. Harlow ""Princess""",1,1,5,1269648000,Get Healthy Live Better and Longer,"Cutting sugar out of our diet,we went to splenda. Then finding that it was also unhealthy and baking with it made foods flat and dry. We went to stevia no calorie powder, after much research proved that stevia has been used for hundreds of years with no bad health effects. The trick to using stevia is to use tiny amounts and then taste it and add a bit more at a time to suit your taste. I also found that using a stevia that has an 80% ratio is the best tasting and this is the best that I have found. Because of using VERY SMALL amounts this jar lasts for months. This is also the best price ANYWHERE! Swanson is a trusted vendor as is Amazon."
7256,B00382UXU4,A3L7F3W78ENI37,I alone83,3,3,5,1338768000,Snappy White Popcorn,I tried thhis popcorn in a the Presto Poplite Air Popcorn machine.  the instructions were easy and the results were very gratifying.  I added sea salt and a little Olive oil.  The measuring container made 5 quarts.  I just  couldn't stop eating it.  Simply delicious.
2084,B005HGAVGK,A2PQZHD03LOEKJ,pyrmom,2,2,1,1332460800,Extremely Disappointing,"There should be an option for a 0 star rating because that is what I would rate this item.<br />First, the sampling was to include 9 varieties but included only 7.  It appears that the two flavors out of stock were not substituted with two other flavors but instead a few more of the remaining flavors were tossed in the box. I had expected that when a limited edition coffee flavor such as Island Coconut was out of stock, it would be replaced with a different limited edition coffee flavor.  Same thing for the Half and Half Lemonade.<br />Second, the order was not balanced.  Of the 7 flavors I did receive, only 2 were coffees, the remaining 5 were teas.<br />The concept of a summer sampler set is a good one but the execution here was an epic fail.  The order is being returned today."
3762,B00016UX0K,A3P4OYKFX1PD7T,Larry W Taylor,0,0,5,1346112000,Great product,The best sauce on the market.  We use it on almost any food product but it is especially good on veggies.
4474,B004ALGNQ0,A1VFAEUVVQZS8I,mandy,3,4,5,1327536000,fantastic,wonderfully cinnamon-y! i will definitely be ordering it again! and heated up with a tiny bit of butter on it put it over the top in taste.
1632,B001RVFDOO,A1IAM1NQF1CXL7,Lady Di,0,0,5,1315785600,Don't Defeat the Purpose by Eating Two Bags at Once!,"I have to watch my calories, but I tend to not be very successful if the food I eat is tasteless.  I have enjoyed all six flavors of these Popchips and feel great eating them at 100 calories per bag.  My favorites are Sour Cream & Onion and the Sea Salt and Vinegar flavors.  In fact, they're so good I just want to keep eating them; and have to resist opening a second bag, because that really defeats the purpose!  I like the variety pack and it's not a bad value."
5171,B0002UDY9W,A18ZP8SFD2VC3A,Mariel,2,2,5,1329955200,So yummy!,"I love tea, hot or cold, and am always looking to try new ones. This tea brews up a wonderful cup - just opening the bag to scoop some out is a joy. The smell alone is captivating. I tried a cup to relieve a stomach ache and it relieved my discomfort immediately. It really does taste just like good quality licorice and it's naturally sweet. When my urge for sweets hits, I can now reach for this tea instead and it really does satisfy my cravings. This tea will be a staple in my pantry."
1629,B001RVFDOO,AQE0FIFEDOTK7,fellmy,0,0,5,1317254400,Love them!,Aboulutely love Popchips!I first tried these healthy chips at a marathon i did in California. I like this variety pack because i got to try alot of the flavors ive never had.
4371,B004391DK0,A2QTDB4ZP1CQ6F,"Susan R ""www.preservationnews.com""",1,1,4,1290988800,Quick and easy,"I like this product, and will order it online again since it is a much better price than the grocery store.  I wish the box was a bit bigger, but it will do.  It is plain, but it makes a light and fluffy pancake.  You can add flavor with vanilla extract, cinamon, or blueberries.  I liked the texture of the biscuit recipe, but it came out more like a muffin.  I'm going to make it in a muffin pan next time and put cranberries in it.  I made my biscuits with butter.  If you are creative with the use of add ins, I think it would make good quickbreads, but not the rising type."
8007,B007WFQ4EM,A3E6NJQ1A4G5W6,B. Watts,2,2,5,1344902400,Koma is delicious,"I don't drink soda and have no interest in energy drinks - I love coffee. However, I enjoy chamomile tea before bed. This calming beverage is a great alternative to tea - especially in hot weather. I will be ordering more - wish it were available locally."
8087,B000H25VR8,A4P8HEDJ4DOFI,Redd1295,1,1,4,1306713600,Very Good Mongolian Beef,"This was the first time I have made Mongolian Beef.  My son suggested it, he had it at a friend's house.  So with our next Chinese dinner (I like to make all my own foods) we made this.  It was a tad spicy for me, perhaps I needed to add more beef or a little water.  Will definitely make again.  By the way, you can buy the seasoning packet at Wal-Mart.<br /><br />Redd1295"
4558,B002TMV3E4,A1B3GNO9C8YX0N,"Gene Pope ""gene""",0,2,4,1283212800,very tasty,"What can you say about coffee, either you like it or you don't. I liked this coffee, although when I choose to review it I didn't notice it was decaf. That aside, it tastes fine (made in my Keurig) but if you want the kick get the caffeinated one."
8490,B003VXFK44,AB6G1LUA9TG2L,Lisa,0,0,5,1316131200,Yum-o,Best K cup around. A must try!  Amazon ships quickly and in one piece. I'd recommend the coffee as well as going through Amazon to order this coffee from.  Thank you for a great experience.
456,B000G6RYNE,A2H2Q5RW1K56AI,a Thai living in MN,0,0,5,1263945600,Excellent Thai-flavored chip,"I was hesitant to buy this at my local grocery store, Lunds, but they were on sale, so I bought a bag.  I've found that going beyond the simply-flavored chips, like cheddar or vinegar, usually results in disappointment.  Tried the Thai or asian-inspired chips by Target, Archer Farms, and they were awful.  These Kettle Spicy Thai chips are just awesome...so much so, that I'm considering buying them in bulk from Amazon.  The taste is complicated and stimulates different parts of the palate.  The taste sensations prevalent in real Thai food is baked into this chip...sweet, salty, spicy.  Was sour in there too?  I don't know, but this is a well-made well-balanced chip that is addicting."
3492,B005K4Q1VI,AU8V0SKOUD6OD,Clothed in Grace,1,1,1,1328486400,Downright awful!,"I have never tasted such a poor excuse for a cocoa drink. It has such a bad aftertaste that I checked the box to see if I ordered sugarfree by mistake! I will toss this  and chalk it up to a loss but if you are reading this, dont buy this brand. Its downright awful!"
923,B000ER6YO0,A3SFS8R1T6JJM9,PolyOWannaCracker,0,0,3,1318032000,Meh.  My daughter eats most everything else... this isn't her thing.,"I introduced my daughter to Earth's Best Organic Turkey Vegetable Dinner at 4 months. A bit early, but she's advanced, as she was 6 weeks overdue.  She loved it at first.  But, I bought every other kind and now this is her least favorite.  I've tried some of it as well.  Of all of them, this is also my least favorite."
368,B00437JI8Q,A1J87LOAYSMHO9,"P. Parchman ""Savvy Shopper""",0,0,5,1306368000,Another Husband Favorite,"Hard to get husband to eat breakfast before school.  He takes two bars now and is very happy to do so.  It is often hard to find flavor in local grocery stores.  So again, Amazon.com came through with a reasonable price.  Now, I came keep the husband's breakfast ready as he runs out the door in the mornings.  I often like to have a bar in the evening as a night snack."
9034,B006N3IG4K,A34Q3GVQ1CHUFT,Amazonian,0,0,2,1350691200,Tasteless and watery,"I'm not a gourmet coffee critic, but this stuff is disappointing.  Based upon previous good reviews, I suspect that the coffee in the K-cups I received is not the same -- they may have changed the manufacturing.  The Wolfgang Puck Decaf I received is lifeless, watery, and tasteless.  There's no aroma when it's brewing in the Keurig.  Never again."
5267,B0012YEKCW,A31LXLAA6LADQT,cd,0,0,5,1316908800,Cat Grass,This product is great for growing cat grass.  Gives a hearty grass is easy & fast growing.  Will purchase in the future.
2439,B0089SPDUW,A1857CFZ2N5LWG,Gizmoqt,0,0,5,1304208000,SMOOOOTH!,I go for the bold varieties of coffee and this Mahogany is not only bold but very smooth.  My all time favorite!
4935,B000FYYOZI,A15XP8POE3ZPSE,RF Wiede,0,0,4,1341360000,Better than i thought they would be!,"I was a little skeptical on ordering the teriyaki sticks version based on a couple of reviews but, I am happy I did. They were a soft stick as someone said but had a nice crunch when you bit in. The teriyaki was milder than others I have ordered and they were more smokey but they are called ole' smokeys. I did not get the greasy mouth feel that someone said and it did have a pleasant tasting after taste. All in all, worth a 4* rating... but it could be a 5 based on individual tastes."
214,B0009XLVGA,A1NHQNQ3TVXTZF,"Desert Girl ""chrissylovesherhusband""",3,10,1,1220227200,CHANGED FORMULA MAKES CATS SICK!!!!,"As with canidae, Felidae has also changed their formula.  Cats do not like change when it comes to their food.  And they just had to change it without putting it on their label.  We noticed the color of the food had changed and so did the smell.  (As you will notice I have also reviewd the Canidae, and this all happened the same time the dogs were having issues.)<br /><br />Prior to the change in food we had almost lost two of our cats because we had moved to a new home.  If cats get ""upset"" because of a change in enviorment, or a loud noise they can stop eating.  It depends on the cat.  Two of them had stopped eating and had lost a lot of weight.  We took them to the vet and it took months to get them back to normal.  It has been a year since then and they are better.  Then the formula for this food changed.<br /><br />We started to noitce they were not eating as much and it started to bug us.  We asked the shop owner of the feed store and she had no knowledge of any change to the food.  It wasn't until the we were in there with other customers yelling about their dogs food making their dogs sick.  Right away we changed the cats food and they started chowing down and haven't suffered one bit like our dogs have.<br /><br />Cats are sensitve animals and changes to thier food could cause them to stop eating.  Anyone thinking of purchasing this food should not do it!  We have 5 rescued and fixed cats, none of which are picky eaters and the change in this formula could have been the death of them had we not found out about the change in their formula.<br /><br />I urge anyone that has had these problems to go to the consumer affairs website and also the FDA website and write a letter to them to let them know how this has affected your animal.  As with canidae they do not care how the change has affected my animals, and tell me not to buy it.  This is just horrible!"
3139,B000FDKQCY,A3CO5PVLVZ9UBU,Product User,0,0,5,1327968000,Hodgson Mill Bread Mix Products,"I am extremely satisfied with both Hodgson Mill Bread Mixes that I purchased online.  The potato bread mix actually rose and stuck to the top of my bread making machine and became entangled in the mixing blade, so it was difficult to remove.  Otherwise, the bread tasted great!!  The Rye bread was also delicious.  It didn'nt rise as much, and I had no trouble removing it from the bread machine.  The rye loaf was much denser than the potato bread loaf.<br /><br />The only drawback to purchasing these products online was the shipping costs.  I have since found out that I can purchase the same brand products at HEB and Kroger grocery stores, and will not order online, again."
7351,B000EDG4TE,A2IF5J75C7N3W1,orbital chaos,4,4,5,1192579200,taste good,"I only ever had pumpkin seeds before in cereal, in small amounts.  These are great; just add them to Bob's granola, or yogurt; even just plain by the handful, they are great."
5031,B001EO6BCC,A2FBWT8OZ3QLQM,"T. R. Salinsky ""Jolly Otter Pioneer""",5,6,1,1230422400,terrible,"I did not even receive the correct product, what I received were raw UNSHELLEd peanuts, but had no option to return them becuase amazon does not allow this. I attempted to contact but got no reply, do not buy from here!"
9245,B006N3IG4K,A8T336KRVSKG9,"Cheryl L. Snyder ""Cheryl Lee""",0,0,5,1307836800,bought this for a friend,"My friend says she loves this coffee and has never been able to find it in the local stores where we live.  Aha, she did not know that Amazon sells just about anything you could want - no tax and free shipping.  What could be better."
9581,B000TFKMSG,A21YEB2EPF2YTL,"Robert Reichert ""RReichert""",0,0,5,1221177600,Very tasty gum!!,Arrived very speedy and the gum has an excellent flavor!! This is a gum chewer's gum.
2100,B000EPP56U,A1G6Q2NQMJ2C3X,ARealAVFan,8,8,5,1149897600,Excellent rice crackers,"I always disliked soggy or soft crackers with my peanut butter.  And since I also had discovered I was allergic to wheat, I wanted and needed an alternative.  I originally found these Kame Rice Crunch crackers in Kroger supermarkets.  From the first bite, I loved them, and I wished I had discovered them years ago.  The plain variety has just the right amount of salt for taste, and they are perfectly crunchy and light.  I've occasionally had a hard time finding them, so I'm THRILLED that Amazon is now carrying them.  Give these a try, they are delicious!!"
4771,B00139TT72,A1N4NAIHZF4J7X,"Dawndy12 ""Barely Surviving The Loss of My Dau...",7,27,1,1256515200,DECEPTIVE! DISAPPOINTED!,"I HAVE TO SAY IN THE BEGINNING..I HAVE NOT TRIED THIS FOOD, IT HAD ME SOLD. I SAID OH BOY! ITS MADE BY PAUL NEWMAN IT ""HAS"" TO BE GOOD! THIS SHOULD ""NOT BE CATARIZED ""ORGANIC""!! ITS DECEITFUL. IT SHOULD BE ADVERTIZED AS PARTIALLY ORGANIC! THEN YOU WONT BE UPSET THAT THE MOST IMPORTANT THING YOU WANT TO BE ORGANIC---THE MEAT---IS NOT! WHO CARES IF YOUR VEGGIES R ORGANIC? WELL YEH IT HELPS DEF BUT THEY DONT NORMALLY RAISE VEGGIES WITH ANTIBIOTICS ETC ETC!<br />SO IF ORGANIC IS WHAT UR LOOKING FOR WALK UP THE AISLE TO CASTOR AND POLLUX ORGANIX DOG FOOD! EVERY SINGLE INGREDIANT ""IS""  O  R  G  A  N  I  C  !!!<br />SHAME ON YOU THE COMPANY OF ONE OF MY FAV ACTORS! IM TRULY SURPRISED HE LET THIS BE UNDER THE REVIEWS OF ORGANIC!"
6011,B00196497O,A2DL4D6SLDYBPA,Jasper,2,2,5,1343260800,Hemp Oil,"Our acupuncturist recommended this to us,  to lower my cholesterol and to lower my husband's blood pressure.  So far so good.  We have been taking it for a little over a month, so in a few more months, we'll have a better idea of its effectiveness.  We take two capsules in the morning and two at night"
6555,B001OKI1U6,AO0WFP6KNXAUK,"Hillary ""Chiconnect""",2,2,5,1260403200,The BEST dog food!!,"I have two Chihuahuas and they absolutely love their little bites!  The ingredients are the best quality available .. organic chicken, flax seed, nutra-drops, and TONS of vitamins and minerals!  The best part about this food is that toy breeds can be on this from the time their little puppies til they're full grown- for life!  Try finding another dog food that does that!  This is a MUST if you have a toy breed dog.  It helps balance their glycemic index even at the most stressful periods of time.  Overall, it is just a really healthy food that will make your dog look and feel beautiful inside and out!"
7567,B0014J9OTE,A8ON8UIS4UU8C,sunscreen consumer,0,0,5,1349827200,"great gum, will buy more","A bit pricy, but well worth it to avoid the garbage found in other gums.  Made in USA and delicious."
2372,B001LQTDBE,AA7S590A4K4Z2,"Miriam R. Babcock ""Miriam DuBois Babcock""",1,6,1,1253577600,Aunt Gussies Highfat Cookies,"Two of Aunt Gussie's cookies contain 23% of daily fat allowance!  The cookies are so full of grease they fall apart.  They may be sugar free and gluten free, but they make it up with mostly FAT!  I can't even give them to my grandchildren!"
5490,B00622CYVI,A1ACM1TB55YQA3,ivy,0,2,3,1320883200,BPA in the lid?,"I like their variety package, but also heard that there is BPA in the lid. I will switch to other BPA free products."
8875,B001EQ5EQE,AH8GFZJP4AKCM,B. Avery,1,1,4,1270512000,Lavazza decaf Espresso ground coffee,"I've been using this coffee for several years and I am quite satisfied.  For a decaf, it is rich and satisfying, a robust taste for the early morning.  One of the best decaf coffees I've tasted."
8448,B003VXFK44,A2SZLNSI5KOQJT,"Carrie, ""Formerly &#34;Sister Carrie&#34;""",0,0,3,1326672000,Sweet Coconut Flavor with A Mild Aftertaste.  Mild to Medium Blend.,"Jamaica Me Crazy is a sweet, coconut flavored coffee that has a mild aftertaste.  It is not a bold blend, but rather a mild to medium blend that leans more mild.<br /><br />This is certainly not a first cup of morning coffee for die-hard coffee drinkers who lean towards the medium to bold blends.  I would consider it a second cup of morning coffee, afternoon pick me up coffee or a dessert coffee.<br /><br />Flavor is OK.  I would like it better if the aftertaste didn't linger.  For a flavored coffee, it isn't bad & if you are a coconut fan, it is a blend to try on for size."
1952,B001HBTGI8,A3V0JZF9SFQ4AF,"D. Miles ""Happy Camper""",0,0,5,1332720000,This is the stuff !!,"I've tried a few different 'Dirty Martini' mix's, etc. but I prefer the actual juice from the olive jar. Well, as any experienced dirty martini drinker knows; you soon have way too many olives and not enough juice. Boscoli Family Dirty Martini Olive Juice is the real thing. I usually buy 4 of the 25oz. bottles and that'll last me several months. Shipping is pricey but the bottles come not only packed in peanuts but also bubble wrapped. They pack 'em in a sturdy cardboard box and tape it up real well. I live in a rural area and usually get my order in about 4 days. Fantastic experience all the way around."
4025,B000UZVPKO,A45WV0Q16PKU,Sebastian,0,0,5,1345593600,Satisifed customer,The product arrived on time and is delicious. Thanks very much. The price was very fair. What else needs to be said?
1163,B001DR488E,A29QUTP17Q5KJ1,"D. Murray ""It's All About Bandwidth""",2,2,5,1274140800,The BEST!!!!,I have used your product for years and find myself in a town where they are sold only in very small bottles.  I am used to buying your product by the half gallon and would like to make my purchases online.  I have tried using other products which pale in comparison to your Original Barbecue Sauce.
1031,B001E6KBSK,A23YE95SVEUYZL,A. Zirilli,1,3,5,1259625600,Great Taste - Healthy Cereal,Eating healthy never tasted so good. Tough to find in my local stores but Amazon has it at a great price especially through subscribe and save.
6859,B001LG945O,AI0PLL5DQAHRG,"Ty Arthur ""xFiruath""",0,1,3,1250726400,A decent carbonated fruit drink that offers a healthier alternative to normal soda,"The Switch Orange Tangerine drink is one of the many beverages out there that are trying to offer soda drinkers a slightly healthier alternative without sacrificing the flavor.  No mistake should be made to think that Switch is primarily a fruit drink.  Although it contains 100% juice, Switch is a soda first and a fruit beverage second.  The carbonation, combined with the various citrus flavors, make Switch taste a bit like Mountain Dew with an extra orange kick.<br /><br />Soda fans who like Mountain Dew but want something made of juice should love Switch, as it does offer a slightly healthier alternative to the standard carbonated drink.  Since there are so many fruit juices present each can has 100% of the daily recommended Vitamin C and 20% of the daily recommended vitamin A.  The lack of artificial preservatives does also give it a slightly more crisp taste.<br /><br />It's important to note that Switch isn't ""sugar free,"" but rather has ""no sugar added.""  The distinction is missed by many, and could be very important for diabetics or anyone watching their sugar intake.  The drink actually has 34 grams of sugar in each can, but since it's coming from the fruit juice and not from high fructose corn syrup it's less of a problem for anyone looking for a more healthy drink.<br /><br />The biggest factor in deciding if Switch will be worthy anyone's time depends entirely on how much they enjoy carbonated citrus drinks.  Soda fans who want a fruitier and less artificial drink will probably love Switch.  People who just want fruit juice and don't enjoy the carbonated flavor should probably avoid, however."
6522,B003JYEL2W,A1XWMSFGHROB1E,"Julie Guerrero ""grandmajag""",0,0,3,1348790400,not as good as it usually is,I love Community Coffee but the batch I received of the Special Decaf was old the bags had lost their vacuum packed state.
3637,B003MPKGKE,A2S04E13APK7CM,Sunni,4,6,3,1288742400,Late shipment,"I paid extra money to have this overnighted to my sister, and it turns out it arrived more than a day late. That's unacceptable to me."
9774,B000KFXEYE,A398OWPQ0U18R0,"Susan Moehrle ""Sue""",1,1,5,1241654400,Just what I wanted,Has just enough of the raspberry taste without being over bearing. Will purchase more in the future when my supple depletes.  I had trouble finding a good raspberry hot cocoa but now I know where to get it.  This site will be one of my favorites.
680,B000G6MBX2,A386PFEJWL73X5,L. Hulse,2,2,5,1185062400,These are the best widely available bbq chips!,"thesedon't like hot food they might be a bit much for you. They have a great balance of sweetness and spice. Of course, Kettle Chips are just good chips - they use good oil to make them and even the plain ones are tasty. I also like that they are ridged chips - those are usually too crunchy and hard to chew for me - I don't want to have to work that hard for my deliciousness. If you like spicy barbecue you will definitely like these chips."
6481,B000FNEX50,AYCEMQOKGAMMM,Chase,0,0,5,1274140800,best GFCFEFSF cookie,"My daughter is very picky, but she like this cookie very much. i haven't seen any product GFCFEFSF this good. great product."
7812,B00474H936,A111NLV0QLBGFW,Jenluvsamazon,0,0,5,1347408000,Make this your #1 product for Meatless Mondays !,"I Love all three products that Harmony Valley has but the Vegetarian Hamburger Mix is my familys favorite,we love to make Taco Salad, Sloppy Joes,Meatless Meatballs, Hamburgers,Salisbury Steak,Spaghetti with this great product , if you love the store bought Vegi burgers that are found in the frezzer section of your store these are 100 times better & so fresh tasting & GMO FREE ! Thanks Harmony Valley for making such a great & safe to eat product! p.s. the plant is ran on wind power !! ""GMO FREE is the way for me """
5133,B0028VAQSU,A3SCQCWP3PYMQ5,Jill S.,0,0,5,1334275200,Best value,We go through Pamela's like crazy.  Fantastic for pancakes (we like to add a little vanilla to batter).  It also makes great chocolate chip cookies and banana bread.  The 25 lb bag is definately the best way to go value wise.
381,B003YXWAF8,A35G909LKGM6R1,Jeanjae,1,3,3,1336176000,Disappointing,"The spicy version of this ketchup isn't bad, but it is too expensive.  The regular version is sweet as dessert.  Horrible.  Annie's Organic has a much better flavor and costs a lot less.  Even Heinz organic is a better deal.  I gave it three stars instead of two because it is in glass, not plastic."
8675,B003VXFK44,AY2K56GDX6CBD,Denise M. Guthrie,1,4,1,1292371200,Taste like old socks,I thought this coffee was really horrible. Had one cup and will throw the rest away because it can't be returned.
9731,B001LXYA5Q,A34ADR04XA4XA9,Lauren,0,1,2,1294704000,Nasty...,"First of all, these things taste pretty bad. If you can handle the taste while they melt on your tongue, maybe it wouldn't be AS bad. But I really didn't notice much change in the taste of foods. Lemons tasted sweet, but that's all I noticed. I considered trying two at a time, but they just tasted so bad to me that I have never used them again."
4253,B004391DK0,A3SO3Q36EC3LJO,Stephanie L. Sanders,107,108,5,1284854400,Best Tasting that we've ever had: Gluten-Free Bisquick,"Our family has been wheat-free for 3 years and gluten-free for 1 1/2 so we've tried just about every mix out there.  I just found that Bisquick has a GF mix while in the grocery store and decided to give it a try.  This is DEFINITELY the best mix that we have ever tasted: smooth, not grainy.  I don't know that side-by-side with regular wheat pancakes that you would notice the difference!"
9304,B006N3IG4K,A2FMH70WTSIDF6,Whimsy,0,0,5,1294704000,Great brew,"This is my favorite of all the coffees I've tried. Smooth and flavorful without being a flavored coffee, its a definite treat anytime of day."
611,B000G6RYNE,A2YKWYC3WQJX5J,"Shannie ""Shan""",1,1,5,1212451200,Caution: Kettle Chips are addictive!,These really are amazing chips. Don't be put off by one of the cheeses being blue cheese...it is so subtle that even blue cheese haters (like me)will enjoy these.
7181,B003TDRKHQ,A2PWSGC287MQ3K,"D. DeCosta ""Colton Books""",3,3,5,1280707200,My Dog Loves it!,"This dog food is a keeper. I have to buy special dog food for my dog because he has allergies to chicken and brown rice.<br />My Vet prescribed an Iams brand food with kangaroo meat in it. My dog didn't really care for the taste but he ate it.<br />I wanted something more natural, so I looked up Flint River Ranch Fish & Chips. What frustrates me, is how you have to wean your dog off of the old food<br />to gradually get used to the new. He liked the flavor so much, he ate around the old dog food and only ate the Flint River Fish & Chips. Fortunately, his tummy handled<br />the new food really well. We have no problem getting him to eat and I like that he doesn't have to eat a larger serving to get the same nutrition. I will definitely order<br />Flint River Ranch Fish & Chips again, and soon. I recommend it highly."
3862,B001M074MY,AR7TMEFWUF0MB,Kay Hill Tyner,0,0,4,1347753600,Good flavor,"I had bought a Black and Decker one-cup coffee maker that used these pods.  It didn't work properly, but I have managed to use the pods with my old, stand-by coffee maker and am please with the flavor and convenience.  Someone had commented about a problem with some of the pods being sealed in the outer packaging.  I have not encountered that problem.  Overall, I am pleased with this purchase."
